CVE_ID,Report,CVSSV3,AttackVector,AttackComplexity,PrivilegesRequired,UserInteraction,Scope,ConfidentialityImpact,IntegrityImpact,AvailabilityImpact
CVE-2008-0176,"Heap-based buffer overflow in w32rtr.exe in GE Fanuc CIMPLICITY HMI SCADA system 7.0 before 7.0 SIM 9, and earlier versions before 6.1 SP6 Hot fix - 010708_162517_6106, allow remote attackers to execute arbitrary code via unknown vectors.",8.80,NETWORK,LOW,NONE,REQUIRED,UNCHANGED,HIGH,HIGH,HIGH
CVE-2010-4597,Stack-based buffer overflow in the save method in the IntegraXor.Project ActiveX control in igcomm.dll in Ecava IntegraXor Human-Machine Interface (HMI) before 3.5.3900.10 allows remote attackers to execute arbitrary code via a long string in the second argument.,8.80,NETWORK,LOW,NONE,REQUIRED,UNCHANGED,HIGH,HIGH,HIGH
CVE-2011-1562,"Ecava IntegraXor HMI before n 3.60 (Build 4032) allows remote attackers to bypass authentication and execute arbitrary SQL statements via unspecified vectors related to a crafted POST request. NOTE: some sources have reported this issue as SQL injection, but this might not be accurate.",9.80,NETWORK,LOW,NONE,NONE,UNCHANGED,HIGH,HIGH,HIGH
CVE-2011-1563,"Multiple stack-based buffer overflows in the HMI application in DATAC RealFlex RealWin 2.1 (Build 6.1.10.10) and earlier allow remote attackers to execute arbitrary code via (1) a long username in an On_FC_CONNECT_FCS_LOGIN packet, and crafted (2) On_FC_CTAGLIST_FCS_CADDTAG, (3) On_FC_CTAGLIST_FCS_CDELTAG, (4) On_FC_CTAGLIST_FCS_ADDTAGMS, (5) On_FC_RFUSER_FCS_LOGIN, (6) unspecified ""On_FC_BINFILE_FCS_*FILE"", (7) On_FC_CGETTAG_FCS_GETTELEMETRY, (8) On_FC_CGETTAG_FCS_GETCHANNELTELEMETRY, (9) On_FC_CGETTAG_FCS_SETTELEMETRY, (10) On_FC_CGETTAG_FCS_SETCHANNELTELEMETRY, and (11) On_FC_SCRIPT_FCS_STARTPROG packets to port 910.",9.80,NETWORK,LOW,NONE,NONE,UNCHANGED,HIGH,HIGH,HIGH
CVE-2011-1564,"Multiple integer overflows in the HMI application in DATAC RealFlex RealWin 2.1 (Build 6.1.10.10) and earlier allow remote attackers to execute arbitrary code via crafted (1) On_FC_MISC_FCS_MSGBROADCAST and (2) On_FC_MISC_FCS_MSGSEND packets, which trigger a heap-based buffer overflow.",8.80,NETWORK,LOW,NONE,REQUIRED,UNCHANGED,HIGH,HIGH,HIGH
CVE-2011-3322,"Core Server HMI Service (Coreservice.exe) in Scadatec Limited Procyon SCADA 1.06, and other versions before 1.14, allows remote attackers to cause a denial of service (crash) and possibly execute arbitrary code via a long password to the Telnet (TCP/23) port, which triggers an out-of-bounds read or write, leading to a stack-based buffer overflow.",9.80,NETWORK,LOW,NONE,NONE,UNCHANGED,HIGH,HIGH,HIGH
CVE-2011-4038,"Cross-site scripting (XSS) vulnerability in Invensys Wonderware HMI Reports 3.42.835.0304 and earlier, as used in Ocean Data Systems Dream Report before 4.0 and other products, allows remote attackers to inject arbitrary web script or HTML via unspecified parameters.",6.10,NETWORK,LOW,NONE,REQUIRED,CHANGED,LOW,LOW,NONE
CVE-2011-4039,"Invensys Wonderware HMI Reports 3.42.835.0304 and earlier, as used in Ocean Data Systems Dream Report before 4.0 and other products, allows user-assisted remote attackers to execute arbitrary code via a malformed file that triggers a ""write access violation.""",8.80,NETWORK,LOW,NONE,REQUIRED,UNCHANGED,HIGH,HIGH,HIGH
CVE-2011-4508,"The HMI web server in Siemens WinCC flexible 2004, 2005, 2007, and 2008 before SP3; WinCC V11 (aka TIA portal) before SP2 Update 1; the TP, OP, MP, Comfort Panels, and Mobile Panels SIMATIC HMI panels; WinCC V11 Runtime Advanced; and WinCC flexible Runtime generates predictable authentication tokens for cookies, which makes it easier for remote attackers to bypass authentication via a crafted cookie.",9.80,NETWORK,LOW,NONE,NONE,UNCHANGED,HIGH,HIGH,HIGH
CVE-2011-4509,"The HMI web server in Siemens WinCC flexible 2004, 2005, 2007, and 2008; WinCC V11 (aka TIA portal); the TP, OP, MP, Comfort Panels, and Mobile Panels SIMATIC HMI panels; WinCC V11 Runtime Advanced; and WinCC flexible Runtime has an improperly selected default password for the administrator account, which makes it easier for remote attackers to obtain access via a brute-force approach involving many HTTP requests.",9.80,NETWORK,LOW,NONE,NONE,UNCHANGED,HIGH,HIGH,HIGH
CVE-2011-4510,"Cross-site scripting (XSS) vulnerability in the HMI web server in Siemens WinCC flexible 2004, 2005, 2007, and 2008 before SP3; WinCC V11 (aka TIA portal) before SP2 Update 1; the TP, OP, MP, Comfort Panels, and Mobile Panels SIMATIC HMI panels; WinCC V11 Runtime Advanced; and WinCC flexible Runtime allows remote attackers to inject arbitrary web script or HTML via unspecified vectors, a different vulnerability than CVE-2011-4511.",6.10,NETWORK,LOW,NONE,REQUIRED,CHANGED,LOW,LOW,NONE
CVE-2011-4511,"Cross-site scripting (XSS) vulnerability in the HMI web server in Siemens WinCC flexible 2004, 2005, 2007, and 2008 before SP3; WinCC V11 (aka TIA portal) before SP2 Update 1; the TP, OP, MP, Comfort Panels, and Mobile Panels SIMATIC HMI panels; WinCC V11 Runtime Advanced; and WinCC flexible Runtime allows remote attackers to inject arbitrary web script or HTML via unspecified vectors, a different vulnerability than CVE-2011-4510.",6.10,NETWORK,LOW,NONE,REQUIRED,CHANGED,LOW,LOW,NONE
CVE-2011-4512,"CRLF injection vulnerability in the HMI web server in Siemens WinCC flexible 2004, 2005, 2007, and 2008 before SP3; WinCC V11 (aka TIA portal) before SP2 Update 1; the TP, OP, MP, Comfort Panels, and Mobile Panels SIMATIC HMI panels; WinCC V11 Runtime Advanced; and WinCC flexible Runtime allows remote attackers to inject arbitrary HTTP headers and conduct HTTP response splitting attacks via unspecified vectors.",7.50,NETWORK,LOW,NONE,NONE,UNCHANGED,NONE,HIGH,NONE
CVE-2011-4513,"Siemens WinCC flexible 2004, 2005, 2007, and 2008; WinCC V11 (aka TIA portal); the TP, OP, MP, Comfort Panels, and Mobile Panels SIMATIC HMI panels; WinCC V11 Runtime Advanced; and WinCC flexible Runtime allow user-assisted remote attackers to execute arbitrary code via a crafted project file, related to the HMI web server and runtime loader.",8.80,NETWORK,LOW,NONE,REQUIRED,UNCHANGED,HIGH,HIGH,HIGH
CVE-2011-4514,"The TELNET daemon in Siemens WinCC flexible 2004, 2005, 2007, and 2008; WinCC V11 (aka TIA portal); the TP, OP, MP, Comfort Panels, and Mobile Panels SIMATIC HMI panels; WinCC V11 Runtime Advanced; and WinCC flexible Runtime does not perform authentication, which makes it easier for remote attackers to obtain access via a TCP session.",9.80,NETWORK,LOW,NONE,NONE,UNCHANGED,HIGH,HIGH,HIGH
CVE-2011-4515,"Siemens WinCC (TIA Portal) 11 uses a reversible algorithm for storing HMI web-application passwords in world-readable and world-writable files, which allows local users to obtain sensitive information by leveraging (1) physical access or (2) Sm@rt Server access.",5.50,LOCAL,LOW,LOW,NONE,UNCHANGED,HIGH,NONE,NONE
CVE-2011-4875,"Stack-based buffer overflow in HmiLoad in the runtime loader in Siemens WinCC flexible 2004, 2005, 2007, and 2008; WinCC V11 (aka TIA portal); the TP, OP, MP, Comfort Panels, and Mobile Panels SIMATIC HMI panels; WinCC V11 Runtime Advanced; and WinCC flexible Runtime, when Transfer Mode is enabled, allows remote attackers to execute arbitrary code via vectors related to Unicode strings.",9.80,NETWORK,LOW,NONE,NONE,UNCHANGED,HIGH,HIGH,HIGH
CVE-2011-4876,"Directory traversal vulnerability in HmiLoad in the runtime loader in Siemens WinCC flexible 2004, 2005, 2007, and 2008; WinCC V11 (aka TIA portal); the TP, OP, MP, Comfort Panels, and Mobile Panels SIMATIC HMI panels; WinCC V11 Runtime Advanced; and WinCC flexible Runtime, when Transfer Mode is enabled, allows remote attackers to execute, read, create, modify, or delete arbitrary files via a .. (dot dot) in a string.",9.80,NETWORK,LOW,NONE,NONE,UNCHANGED,HIGH,HIGH,HIGH
CVE-2011-4877,"HmiLoad in the runtime loader in Siemens WinCC flexible 2004, 2005, 2007, and 2008; WinCC V11 (aka TIA portal); the TP, OP, MP, Comfort Panels, and Mobile Panels SIMATIC HMI panels; WinCC V11 Runtime Advanced; and WinCC flexible Runtime, when Transfer Mode is enabled, allows remote attackers to cause a denial of service (application crash) by sending crafted data over TCP.",7.50,NETWORK,LOW,NONE,NONE,UNCHANGED,NONE,NONE,HIGH
CVE-2011-4878,"Directory traversal vulnerability in miniweb.exe in the HMI web server in Siemens WinCC flexible 2004, 2005, 2007, and 2008 before SP3; WinCC V11 (aka TIA portal) before SP2 Update 1; the TP, OP, MP, Comfort Panels, and Mobile Panels SIMATIC HMI panels; WinCC V11 Runtime Advanced; and WinCC flexible Runtime allows remote attackers to read arbitrary files via a ..%5c (dot dot backslash) in a URI.",7.50,NETWORK,LOW,NONE,NONE,UNCHANGED,HIGH,NONE,NONE
CVE-2011-4879,"miniweb.exe in the HMI web server in Siemens WinCC flexible 2004, 2005, 2007, and 2008 before SP3; WinCC V11 (aka TIA portal) before SP2 Update 1; the TP, OP, MP, Comfort Panels, and Mobile Panels SIMATIC HMI panels; WinCC V11 Runtime Advanced; and WinCC flexible Runtime does not properly handle URIs beginning with a 0xfa character, which allows remote attackers to read data from arbitrary memory locations or cause a denial of service (application crash) via a crafted POST request.",7.50,NETWORK,LOW,NONE,NONE,UNCHANGED,NONE,NONE,HIGH
CVE-2012-2515,"Multiple stack-based buffer overflows in the KeyHelp.KeyCtrl.1 ActiveX control in KeyHelp.ocx 1.2.312 in KeyWorks KeyHelp Module (aka the HTML Help component), as used in EMC Documentum ApplicationXtender Desktop 5.4; EMC Captiva Quickscan Pro 4.6 SP1; GE Intelligent Platforms Proficy Historian 3.1, 3.5, 4.0, and 4.5; GE Intelligent Platforms Proficy HMI/SCADA iFIX 5.0 and 5.1; GE Intelligent Platforms Proficy Pulse 1.0; GE Intelligent Platforms Proficy Batch Execution 5.6; GE Intelligent Platforms SI7 I/O Driver 7.20 through 7.42; and other products, allow remote attackers to execute arbitrary code via a long string in the second argument to the (1) JumpMappedID or (2) JumpURL method.",9.60,NETWORK,LOW,NONE,REQUIRED,CHANGED,HIGH,HIGH,HIGH
CVE-2012-2516,"An ActiveX control in KeyHelp.ocx in KeyWorks KeyHelp Module (aka the HTML Help component), as used in GE Intelligent Platforms Proficy Historian 3.1, 3.5, 4.0, and 4.5; Proficy HMI/SCADA iFIX 5.0 and 5.1; Proficy Pulse 1.0; Proficy Batch Execution 5.6; SI7 I/O Driver 7.20 through 7.42; and other products, allows remote attackers to execute arbitrary commands via crafted input, related to a ""command injection vulnerability.""",9.60,NETWORK,LOW,NONE,REQUIRED,CHANGED,HIGH,HIGH,HIGH
CVE-2012-4689,"Integer overflow in CimWebServer.exe in GE Intelligent Platforms Proficy HMI/SCADA - CIMPLICITY 4.01 through 8.0, and Proficy Process Systems with CIMPLICITY, allows remote attackers to cause a denial of service (daemon crash) via a malformed HTTP request.",7.50,NETWORK,LOW,NONE,NONE,UNCHANGED,NONE,NONE,HIGH
CVE-2012-4709,"Invensys Wonderware InTouch HMI 2012 R2 and earlier allows remote attackers to read arbitrary files, send HTTP requests to intranet servers, or cause a denial of service (CPU and memory consumption) via an XML document containing an external entity declaration in conjunction with an entity reference, related to an XML External Entity (XXE) issue.",9.10,NETWORK,LOW,NONE,NONE,UNCHANGED,HIGH,NONE,HIGH
CVE-2013-0653,"Directory traversal vulnerability in substitute.bcl in the WebView CimWeb subsystem in GE Intelligent Platforms Proficy HMI/SCADA - CIMPLICITY 4.01 through 8.0, and Proficy Process Systems with CIMPLICITY, allows remote attackers to read arbitrary files via a crafted packet.",7.50,NETWORK,LOW,NONE,NONE,UNCHANGED,HIGH,NONE,NONE
CVE-2013-0654,"CimWebServer in GE Intelligent Platforms Proficy HMI/SCADA - CIMPLICITY 4.01 through 8.0, and Proficy Process Systems with CIMPLICITY, allows remote attackers to execute arbitrary commands or cause a denial of service (daemon crash) via a crafted packet.",7.50,NETWORK,LOW,NONE,NONE,UNCHANGED,NONE,NONE,HIGH
CVE-2013-0667,Cross-site scripting (XSS) vulnerability in the HMI web application in Siemens WinCC (TIA Portal) 11 allows remote attackers to inject arbitrary web script or HTML via a crafted URL.,6.10,NETWORK,LOW,NONE,REQUIRED,CHANGED,LOW,LOW,NONE
CVE-2013-0668,Multiple cross-site scripting (XSS) vulnerabilities in the HMI web application in Siemens WinCC (TIA Portal) 11 allow remote attackers to inject arbitrary web script or HTML via a crafted URL.,6.10,NETWORK,LOW,NONE,REQUIRED,CHANGED,LOW,LOW,NONE
CVE-2013-0669,The HMI web application in Siemens WinCC (TIA Portal) 11 allows remote authenticated users to cause a denial of service (daemon crash) via a crafted HTTP request.,6.50,NETWORK,LOW,LOW,NONE,UNCHANGED,NONE,NONE,HIGH
CVE-2013-0670,CRLF injection vulnerability in the HMI web application in Siemens WinCC (TIA Portal) 11 allows remote attackers to inject arbitrary HTTP headers and conduct HTTP response splitting attacks via a crafted URL.,6.10,NETWORK,LOW,NONE,REQUIRED,CHANGED,LOW,LOW,NONE
CVE-2013-0671,Directory traversal vulnerability in Siemens WinCC (TIA Portal) 11 allows remote authenticated users to read HMI web-application source code and user-defined scripts via a crafted URL.,6.50,NETWORK,LOW,LOW,NONE,UNCHANGED,HIGH,NONE,NONE
CVE-2013-0672,Cross-site scripting (XSS) vulnerability in the HMI web application in Siemens WinCC (TIA Portal) 11 allows remote authenticated users to inject arbitrary web script or HTML via unspecified data.,5.40,NETWORK,LOW,LOW,REQUIRED,CHANGED,LOW,LOW,NONE
CVE-2013-2762,"The Schneider Electric Magelis XBT HMI controller has a default password for authentication of configuration uploads, which makes it easier for remote attackers to bypass intended access restrictions via crafted configuration data.",9.80,NETWORK,LOW,NONE,NONE,UNCHANGED,HIGH,HIGH,HIGH
CVE-2013-2785,"Multiple buffer overflows in CimWebServer.exe in the WebView component in GE Intelligent Platforms Proficy HMI/SCADA - CIMPLICITY before 8.0 SIM 27, 8.1 before SIM 25, and 8.2 before SIM 19, and Proficy Process Systems with CIMPLICITY, allow remote attackers to execute arbitrary code via crafted data in packets to TCP port 10212, aka ZDI-CAN-1621 and ZDI-CAN-1624.",9.80,NETWORK,LOW,NONE,NONE,UNCHANGED,HIGH,HIGH,HIGH
CVE-2013-2811,"The (1) Catapult DNP3 I/O driver before 7.2.0.60 and the (2) GE Intelligent Platforms Proficy DNP3 I/O driver before 7.20k, as used in DNPDrv.exe (aka the DNP master station server) in GE Intelligent Platforms Proficy HMI/SCADA - CIMPLICITY and iFIX, allow remote attackers to cause a denial of service (infinite loop) via a crafted DNP3 TCP packet.",7.50,NETWORK,LOW,NONE,NONE,UNCHANGED,NONE,NONE,HIGH
CVE-2013-2823,"The (1) Catapult DNP3 I/O driver before 7.2.0.60 and the (2) GE Intelligent Platforms Proficy DNP3 I/O driver before 7.20k, as used in DNPDrv.exe (aka the DNP master station server) in GE Intelligent Platforms Proficy HMI/SCADA - CIMPLICITY and iFIX, allow physically proximate attackers to cause a denial of service (infinite loop) via crafted input over a serial line.",6.20,LOCAL,LOW,NONE,NONE,UNCHANGED,NONE,NONE,HIGH
CVE-2013-4911,Cross-site request forgery (CSRF) vulnerability in Siemens WinCC (TIA Portal) 11 and 12 before 12 SP1 allows remote attackers to hijack the authentication of unspecified victims by leveraging improper configuration of SIMATIC HMI panels by the WinCC product.,8.80,NETWORK,LOW,NONE,REQUIRED,UNCHANGED,HIGH,HIGH,HIGH
CVE-2013-4912,Open redirect vulnerability in Siemens WinCC (TIA Portal) 11 and 12 before 12 SP1 allows remote attackers to redirect users to arbitrary web sites and conduct phishing attacks by leveraging improper configuration of SIMATIC HMI panels by the WinCC product.,6.10,NETWORK,LOW,NONE,REQUIRED,CHANGED,LOW,LOW,NONE
CVE-2014-0750,"Directory traversal vulnerability in gefebt.exe in the WebView CimWeb components in GE Intelligent Platforms Proficy HMI/SCADA - CIMPLICITY through 8.2 SIM 24, and Proficy Process Systems with CIMPLICITY, allows remote attackers to execute arbitrary code via a crafted HTTP request, aka ZDI-CAN-1622.",8.80,NETWORK,LOW,NONE,REQUIRED,UNCHANGED,HIGH,HIGH,HIGH
CVE-2014-0751,"Directory traversal vulnerability in CimWebServer.exe (aka the WebView component) in GE Intelligent Platforms Proficy HMI/SCADA - CIMPLICITY before 8.2 SIM 24, and Proficy Process Systems with CIMPLICITY, allows remote attackers to execute arbitrary code via a crafted message to TCP port 10212, aka ZDI-CAN-1623.",9.80,NETWORK,LOW,NONE,NONE,UNCHANGED,HIGH,HIGH,HIGH
CVE-2014-2355,The (1) CimView and (2) CimEdit components in GE Proficy HMI/SCADA-CIMPLICITY 8.2 and earlier allow remote attackers to gain privileges via a crafted CIMPLICITY screen (aka .CIM) file.,7.80,LOCAL,LOW,NONE,REQUIRED,UNCHANGED,HIGH,HIGH,HIGH
CVE-2014-2369,"Cross-site request forgery (CSRF) vulnerability in the web application on Omron NS5, NS8, NS10, NS12, and NS15 HMI terminals 8.1xx through 8.68x allows remote authenticated users to hijack the authentication of unspecified victims via unknown vectors.",8.80,NETWORK,LOW,NONE,REQUIRED,UNCHANGED,HIGH,HIGH,HIGH
CVE-2014-2370,"Cross-site scripting (XSS) vulnerability in the web application on Omron NS5, NS8, NS10, NS12, and NS15 HMI terminals 8.1xx through 8.68x allows remote authenticated users to inject arbitrary web script or HTML via crafted data.",5.40,NETWORK,LOW,LOW,REQUIRED,CHANGED,LOW,LOW,NONE
CVE-2014-9197,"The Schneider Electric ETG3000 FactoryCast HMI Gateway with firmware before 1.60 IR 04 stores rde.jar under the web root with insufficient access control, which allows remote attackers to obtain sensitive setup and configuration information via a direct request.",7.50,NETWORK,LOW,NONE,NONE,UNCHANGED,HIGH,NONE,NONE
CVE-2014-9198,"The FTP server on the Schneider Electric ETG3000 FactoryCast HMI Gateway with firmware through 1.60 IR 04 has hardcoded credentials, which makes it easier for remote attackers to obtain access via an FTP session.",9.80,NETWORK,LOW,NONE,NONE,UNCHANGED,HIGH,HIGH,HIGH
CVE-2015-0997,"Schneider Electric InduSoft Web Studio before 7.1.3.4 SP3 Patch 4 and InTouch Machine Edition 2014 before 7.1.3.4 SP3 Patch 4 provide an HMI user interface that lists all valid usernames, which makes it easier for remote attackers to obtain access via a brute-force password-guessing attack.",9.80,NETWORK,LOW,NONE,NONE,UNCHANGED,HIGH,HIGH,HIGH
CVE-2015-2822,Siemens SIMATIC HMI Comfort Panels before WinCC (TIA Portal) 13 SP1 Upd2 and SIMATIC WinCC Runtime Advanced before WinCC (TIA Portal) 13 SP1 Upd2 allow man-in-the-middle attackers to cause a denial of service via crafted packets on TCP port 102.,5.90,NETWORK,HIGH,NONE,NONE,UNCHANGED,NONE,NONE,HIGH
CVE-2015-2823,"Siemens SIMATIC HMI Basic Panels 2nd Generation before WinCC (TIA Portal) 13 SP1 Upd2, SIMATIC HMI Comfort Panels before WinCC (TIA Portal) 13 SP1 Upd2, SIMATIC WinCC Runtime Advanced before WinCC (TIA Portal) 13 SP1 Upd2, SIMATIC WinCC Runtime Professional before WinCC (TIA Portal) 13 SP1 Upd2, SIMATIC HMI Basic Panels 1st Generation (WinCC TIA Portal), SIMATIC HMI Mobile Panel 277 (WinCC TIA Portal), SIMATIC HMI Multi Panels (WinCC TIA Portal), and SIMATIC WinCC 7.x before 7.3 Upd4 allow remote attackers to complete authentication by leveraging knowledge of a password hash without knowledge of the associated password.",9.80,NETWORK,LOW,NONE,NONE,UNCHANGED,HIGH,HIGH,HIGH
CVE-2015-3951,"RLE Nova-Wind Turbine HMI devices store cleartext credentials, which allows remote attackers to obtain sensitive information via unspecified vectors.",7.50,NETWORK,LOW,NONE,NONE,UNCHANGED,HIGH,NONE,NONE
CVE-2016-10224,"An issue was discovered in Sauter NovaWeb web HMI. The application uses a protection mechanism that relies on the existence or values of a cookie, but it does not properly ensure that the cookie is valid for the associated user.",7.50,NETWORK,LOW,NONE,NONE,UNCHANGED,HIGH,NONE,NONE
CVE-2016-2306,The HMI web server in Ecava IntegraXor before 5.0 build 4522 allows remote attackers to obtain sensitive cleartext information by sniffing the network.,5.30,NETWORK,LOW,NONE,NONE,UNCHANGED,LOW,NONE,NONE
CVE-2016-5787,"General Electric (GE) Digital Proficy HMI/SCADA - CIMPLICITY before 8.2 SIM 27 mishandles service DACLs, which allows local users to modify a service configuration via unspecified vectors.",4.40,LOCAL,LOW,LOW,NONE,UNCHANGED,NONE,LOW,LOW
CVE-2016-8366,Webvisit in Phoenix Contact ILC PLCs offers a password macro to protect HMI pages on the PLC against casual or coincidental opening of HMI pages by the user. The password macro can be configured in a way that the password is stored and transferred in clear text.,9.80,NETWORK,LOW,NONE,NONE,UNCHANGED,HIGH,HIGH,HIGH
CVE-2016-8367,"An issue was discovered in Schneider Electric Magelis HMI Magelis GTO Advanced Optimum Panels, all versions, Magelis GTU Universal Panel, all versions, Magelis STO5xx and STU Small panels, all versions, Magelis XBT GH Advanced Hand-held Panels, all versions, Magelis XBT GK Advanced Touchscreen Panels with Keyboard, all versions, Magelis XBT GT Advanced Touchscreen Panels, all versions, and Magelis XBT GTW Advanced Open Touchscreen Panels (Windows XPe). An attacker can open multiple connections to a targeted web server and keep connections open preventing new connections from being made, rendering the web server unavailable during an attack.",7.50,NETWORK,LOW,NONE,NONE,UNCHANGED,NONE,NONE,HIGH
CVE-2016-8374,"An issue was discovered in Schneider Electric Magelis HMI Magelis GTO Advanced Optimum Panels, all versions, Magelis GTU Universal Panel, all versions, Magelis STO5xx and STU Small panels, all versions, Magelis XBT GH Advanced Hand-held Panels, all versions, Magelis XBT GK Advanced Touchscreen Panels with Keyboard, all versions, Magelis XBT GT Advanced Touchscreen Panels, all versions, and Magelis XBT GTW Advanced Open Touchscreen Panels (Windows XPe). An attacker may be able to disrupt a targeted web server, resulting in a denial of service because of UNCONTROLLED RESOURCE CONSUMPTION.",7.50,NETWORK,LOW,NONE,NONE,UNCHANGED,NONE,NONE,HIGH
