CVE_ID,PublishTime,ModifyTime,Report,CVSSV3,AttackVector,AttackComplexity,PrivilegesRequired,UserInteraction,Scope,ConfidentialityImpact,IntegrityImpact,AvailabilityImpact
CVE-2006-0061,2019-11-06T02:15Z,2019-11-08T18:51Z,xlockmore 5.13 and 5.22 segfaults when using libpam-opensc and returns the underlying xsession. This allows unauthorized users access to the X session.,9.8,NETWORK,LOW,NONE,NONE,UNCHANGED,HIGH,HIGH,HIGH
CVE-2006-0062,2019-11-06T03:15Z,2019-11-06T18:40Z,xlockmore 5.13 allows potential xlock bypass when FVWM switches to the same virtual desktop as a new Gaim window.,9.8,NETWORK,LOW,NONE,NONE,UNCHANGED,HIGH,HIGH,HIGH
CVE-2006-1364,2006-03-23T11:06Z,2018-10-18T16:32Z,"Microsoft w3wp (aka w3wp.exe) does not properly handle when the AspCompat directive is not used when referencing COM components in ASP.NET, which allows remote attackers to cause a denial of service (resource consumption or crash) by repeatedly requesting each of several documents that refer to COM components, or are restricted documents located under the ASP.NET application path.",7.5,NETWORK,LOW,NONE,NONE,UNCHANGED,NONE,NONE,HIGH
CVE-2006-3100,2019-11-06T03:15Z,2019-11-27T16:56Z,termpkg 3.3 suffers from buffer overflow.,9.8,NETWORK,LOW,NONE,NONE,UNCHANGED,HIGH,HIGH,HIGH
CVE-2006-3635,2017-08-07T03:29Z,2017-08-14T15:05Z,The ia64 subsystem in the Linux kernel before 2.6.26 allows local users to cause a denial of service (stack consumption and system crash) via a crafted application that leverages the mishandling of invalid Register Stack Engine (RSE) state.,5.5,LOCAL,LOW,LOW,NONE,UNCHANGED,NONE,NONE,HIGH
CVE-2006-4243,2019-11-06T03:15Z,2019-11-06T17:15Z,linux vserver 2.6 before 2.6.17 suffers from privilege escalation in remount code.,9.8,NETWORK,LOW,NONE,NONE,UNCHANGED,HIGH,HIGH,HIGH
CVE-2006-4245,2019-11-06T03:15Z,2020-08-18T15:05Z,archivemail 0.6.2 uses temporary files insecurely leading to a possible race condition.,8.1,NETWORK,HIGH,NONE,NONE,UNCHANGED,HIGH,HIGH,HIGH
CVE-2006-5331,2017-10-29T06:29Z,2017-11-17T13:35Z,"The altivec_unavailable_exception function in arch/powerpc/kernel/traps.c in the Linux kernel before 2.6.19 on 64-bit systems mishandles the case where CONFIG_ALTIVEC is defined and the CPU actually supports Altivec, but the Altivec support was not detected by the kernel, which allows local users to cause a denial of service (panic) by triggering execution of an Altivec instruction.",5.5,LOCAL,LOW,LOW,NONE,UNCHANGED,NONE,NONE,HIGH
CVE-2006-5847,2006-11-10T02:07Z,2017-07-20T01:34Z,Cross-site scripting (XSS) vulnerability in index.php in FreeWebshop 2.2.2 and earlier allows remote attackers to inject arbitrary web script or HTML via the cat parameter.,6.1,NETWORK,LOW,NONE,REQUIRED,CHANGED,LOW,LOW,NONE
CVE-2006-7246,2020-01-27T15:15Z,2020-01-31T15:53Z,NetworkManager 0.9.x does not pin a certificate's subject to an ESSID when 802.11X authentication is used.,6.8,ADJACENT_NETWORK,HIGH,NONE,NONE,UNCHANGED,HIGH,HIGH,NONE
CVE-2006-7254,2019-04-10T20:29Z,2019-04-11T01:59Z,"The nscd daemon in the GNU C Library (glibc) before version 2.5 does not close incoming client sockets if they cannot be handled by the daemon, allowing local users to carry out a denial of service attack on the daemon.",5.5,LOCAL,LOW,LOW,NONE,UNCHANGED,NONE,NONE,HIGH
